recommendation,noAutoWaivers,id,title,required,status,pendingItems,lanes,readyBatchIds,blockedBatchIds,batchIds
NO_GO_STRICT,true,strict-release-gate,Strict release gate has zero blockers and no contract issues.,true,BLOCKED,94,,"p0-docker-release-infra;p0-runtime-readiness-release-infra;p0-manifest-database;p0-manifest-lumira-ui;p0-manifest-release-owner;p0-authenticated-performance-release-performance","p1-ai-runtime-ai;p1-business-e2e-file-owner;p1-business-e2e-job-owner;p1-business-e2e-payment-owner;p1-rollback-ai-owner;p1-rollback-auth-owner;p1-rollback-file-owner;p1-rollback-iam-owner;p1-rollback-job-owner;p1-rollback-localization-owner;p1-rollback-message-owner;p1-rollback-payment-owner;p1-rollback-platform-owner;p1-rollback-plugin-owner;p2-explain-database;p3-orchestrator-database;p3-orchestrator-release-infra;p3-orchestrator-release-owner",
NO_GO_STRICT,true,release-environment,Completed release env file and config matrix are valid.,true,PASS,0,environment,,,
NO_GO_STRICT,true,deployable-images,Deployable backend/lumira-ui images are built and inspected.,true,BLOCKED,4,deployable-image,p0-docker-release-infra,,p0-docker-release-infra
NO_GO_STRICT,true,production-equivalence,Runtime and performance evidence use HTTPS non-local production-equivalent endpoints.,true,BLOCKED,13,"production-equivalence;performance","p0-runtime-readiness-release-infra;p0-authenticated-performance-release-performance",,"p0-runtime-readiness-release-infra;p0-authenticated-performance-release-performance"
NO_GO_STRICT,true,data-safety,Fresh and upgrade migrations are proven with runtime metadata.,true,PASS,0,data-safety,,,
NO_GO_STRICT,true,runtime-business-acceptance,"AI, lumira-ui, file, job, and payment acceptance evidence is complete.",true,BLOCKED,6,"runtime-acceptance;lumira-ui-acceptance;business-acceptance",,"p1-ai-runtime-ai;p1-business-e2e-file-owner;p1-business-e2e-job-owner;p1-business-e2e-payment-owner","p1-ai-runtime-ai;p1-business-e2e-file-owner;p1-business-e2e-job-owner;p1-business-e2e-payment-owner"
NO_GO_STRICT,true,rollback-safety,Every bounded context has rollback PASS or approved unexpired DEFERRED risk acceptance.,true,BLOCKED,10,rollback-safety,,"p1-rollback-ai-owner;p1-rollback-auth-owner;p1-rollback-file-owner;p1-rollback-iam-owner;p1-rollback-job-owner;p1-rollback-localization-owner;p1-rollback-message-owner;p1-rollback-payment-owner;p1-rollback-platform-owner;p1-rollback-plugin-owner","p1-rollback-ai-owner;p1-rollback-auth-owner;p1-rollback-file-owner;p1-rollback-iam-owner;p1-rollback-job-owner;p1-rollback-localization-owner;p1-rollback-message-owner;p1-rollback-payment-owner;p1-rollback-platform-owner;p1-rollback-plugin-owner"
NO_GO_STRICT,true,database-performance,Fresh production-equivalent EXPLAIN evidence has no scan/index blockers.,true,BLOCKED,2,database-performance,,p2-explain-database,p2-explain-database
NO_GO_STRICT,true,evidence-integrity,Evidence manifest and final orchestrator strict rerun are clean.,true,BLOCKED,16,"evidence-integrity;final-verification","p0-manifest-database;p0-manifest-lumira-ui;p0-manifest-release-owner","p3-orchestrator-database;p3-orchestrator-release-infra;p3-orchestrator-release-owner","p0-manifest-database;p0-manifest-lumira-ui;p0-manifest-release-owner;p3-orchestrator-database;p3-orchestrator-release-infra;p3-orchestrator-release-owner"
